4523534 	345
34523534 	345
34523534 	34
34523534 	534
34523534 	54564574576
34523534 	657
34523534 	45
34523534 	745
34523534 	67
34523534 	567
34523534 	56
34523534 	7675876
34523534 	456754
34534	 	67
34523534 	45
34523534 	676
34523534 	54
345234	 	66757
34523534 	5467
345234	 	457
34523534 	456757
34523534 	6675745
34523534 	678765
34523534 	56657
343534	 	899879
34523534 	abc
34523534 	563456
34523534 	34576
34523534 	63464
34523534 	4765756
34523534 	236757
34523534 	abcdd
34523534 	5234
34523534 	235235
34523534	
34523534	
34523534 	235
34523534 	23452
34523534 	35
34523534 	2345
34523534 	235
34523534 	423
34523534 	45
34523534 	235
34523534 	345
34523534 	23
34523534 	45234
34523534 	523
34523534 	6
34523534 	5
34523534 	45
34523534 	7
34523534 	48
34523534 	5678
34523534 	745
34523534	
34523534 	23
34523534 	5234
34523534 	52
34523534 	345
34523534 	23
34523534 	45
34523534 	23
34523534 	45
34523534 	2345
34523534 	23
34523534 	45
34523534 	2354
34523534 	23
34523534 	5
34523534 	23
34523534 	5
34523534 	23
